CustomerID,Gender,Age,Annual Income (k$),Spending Score (1-100)
1,Female,35,23.8,18.4
2,Female,61,27.2,94.5
3,Female,23,53.3,48.8
4,Female,53,86.2,27.1
5,Female,44,82.4,68.3
6,Female,18,18.9,22.3
7,Female,27,22.7,72.2
8,Male,23,62.0,47.8
9,Male,56,97.7,25.0
10,Female,52,89.5,68.4
11,Male,53,32.7,18.5
12,Female,41,30.3,69.0
13,Male,32,54.3,47.4
14,Male,24,100.7,13.4
15,Female,41,83.0,94.6
16,Female,35,21.2,24.5
17,Female,64,21.2,76.5
18,Female,58,59.0,57.5
19,Female,67,78.9,1
20,Male,38,85.3,84.3
21,Male,54,24.4,26.2
22,Male,59,27.2,90.3
23,Male,65,57.7,53.9
24,Male,55,84.8,5.5
25,Male,26,67.2,100
26,Female,25,27.1,21.5
27,Female,45,15.1,68.5
28,Male,47,46.9,58.0
29,Female,18,100.6,11.8
30,Male,35,80.9,71.8
31,Female,47,31.5,26.2
32,Female,34,40.7,74.7
33,Male,58,51.2,49.8
34,Female,30,90.2,6.0
35,Female,67,81.7,85.8
36,Male,25,17.5,13.9
37,Female,37,35.9,68.3
38,Female,23,70.3,56.6
39,Female,66,83.3,1
40,Female,53,91.3,89.4
41,Female,45,23.5,38.2
42,Female,62,37.1,73.5
43,Male,60,53.1,41.2
44,Female,25,76.1,19.1
45,Female,55,86.2,90.1
46,Female,63,24.2,19.4
47,Female,39,27.3,99.4
48,Female,49,48.6,49.4
49,Male,54,72.6,11.5
50,Female,44,85.4,92.2
51,Male,40,34.7,27.4
52,Female,21,11.5,89.5
53,Female,69,67.0,55.4
54,Female,46,85.0,20.8
55,Female,33,79.3,85.4
56,Female,53,10.1,26.3
57,Female,18,53.9,90.7
58,Male,28,68.9,42.2
59,Female,43,79.5,15.6
60,Male,42,85.3,82.5
61,Male,36,37.6,13.0
62,Male,68,20.7,66.2
63,Female,21,58.8,56.2
64,Male,55,85.0,11.9
65,Female,28,69.3,81.7
66,Female,29,28.2,19.1
67,Male,33,15.1,72.4
68,Female,33,67.3,62.9
69,Male,55,78.9,8.6
70,Male,63,90.0,79.6
71,Male,60,25.6,29.0
72,Female,22,10,85.5
73,Female,24,27.2,58.4
74,Male,26,75.8,12.5
75,Male,41,97.1,69.4
76,Male,63,33.3,34.3
77,Female,59,10,62.8
78,Female,60,50.0,40.0
79,Female,25,89.0,13.2
80,Female,36,84.8,76.8
81,Male,58,23.9,14.1
82,Female,21,18.9,79.8
83,Female,20,45.0,37.4
84,Female,34,82.9,19.1
85,Female,45,84.4,70.6
86,Female,62,39.7,34.0
87,Female,55,10.4,75.2
88,Female,41,52.9,51.1
89,Female,33,89.4,11.3
90,Female,44,78.8,91.2
91,Female,28,30.3,17.0
92,Male,65,26.3,78.6
93,Female,60,56.7,40.9
94,Male,24,83.5,30.7
95,Female,32,96.0,69.2
96,Female,37,28.6,10.9
97,Male,43,27.0,93.0
98,Male,67,54.5,53.4
99,Male,61,79.3,23.6
100,Female,34,88.7,80.3
101,Female,20,10,7.5
102,Male,68,18.9,75.3
103,Male,25,33.8,60.1
104,Male,20,89.2,11.6
105,Female,52,103.2,82.2
106,Male,60,23.0,22.6
107,Male,25,16.6,70.7
108,Male,38,43.1,49.4
109,Male,30,81.7,4.2
110,Female,65,81.0,74.4
111,Female,53,19.9,14.9
112,Male,68,23.2,85.8
113,Male,31,46.6,52.1
114,Female,65,90.5,1
115,Male,60,81.5,75.8
116,Male,33,41.4,32.3
117,Female,19,25.8,85.9
118,Female,67,55.3,60.2
119,Female,54,69.0,20.2
120,Female,43,83.4,73.3
121,Female,66,32.3,31.0
122,Male,69,26.0,73.8
123,Male,25,60.8,52.1
124,Male,51,91.0,22.5
125,Male,57,101.0,76.1
126,Male,28,29.9,10.1
127,Male,58,12.3,84.6
128,Female,58,56.0,39.1
129,Female,36,84.5,18.6
130,Female,52,84.0,89.8
131,Female,62,28.7,25.0
132,Male,44,24.2,76.8
133,Male,31,47.0,47.5
134,Female,62,74.5,24.9
135,Male,42,93.5,70.0
136,Male,66,32.4,20.3
137,Female,44,37.0,62.3
138,Female,49,48.6,50.5
139,Male,69,75.9,23.6
140,Female,26,82.5,65.0
141,Female,60,33.9,13.3
142,Female,47,32.3,84.8
143,Male,31,62.4,52.7
144,Male,42,78.7,28.5
145,Female,34,85.2,65.0
146,Male,21,11.9,22.8
147,Female,59,25.5,83.3
148,Female,30,55.5,28.0
149,Female,48,80.7,10.4
150,Male,62,79.8,79.5
